time,frame,num_faces,faces
375.0,10.0,0,"[]"
792.0,20.0,0,"[]"
1210.0,30.0,0,"[]"
1627.0,40.0,0,"[]"
2044.0,50.0,0,"[]"
2461.0,60.0,0,"[]"
2878.0,70.0,0,"[]"
3295.0,80.0,0,"[]"
3712.0,90.0,0,"[]"
4129.0,100.0,0,"[]"
4546.0,110.0,0,"[]"
4963.0,120.0,0,"[]"
5380.0,130.0,0,"[]"
5797.0,140.0,0,"[]"
6215.0,150.0,0,"[]"
6632.0,160.0,0,"[]"
7049.0,170.0,0,"[]"
7466.0,180.0,0,"[]"
7883.0,190.0,0,"[]"
8300.0,200.0,0,"[]"
8717.0,210.0,1,"[{'box': [160, 161, 48, 60], 'confidence': 0.9916709661483765, 'keypoints': {'left_eye': (166, 182), 'right_eye': (187, 182), 'nose': (168, 192), 'mouth_left': (165, 206), 'mouth_right': (182, 207)}}]"
9134.0,220.0,1,"[{'box': [191, 154, 48, 62], 'confidence': 0.9949821829795837, 'keypoints': {'left_eye': (214, 175), 'right_eye': (234, 178), 'nose': (230, 186), 'mouth_left': (214, 199), 'mouth_right': (231, 202)}}]"
9551.0,230.0,1,"[{'box': [191, 158, 49, 66], 'confidence': 0.9871790409088135, 'keypoints': {'left_eye': (217, 182), 'right_eye': (237, 187), 'nose': (232, 198), 'mouth_left': (213, 207), 'mouth_right': (229, 212)}}]"
9968.0,240.0,0,"[]"
10385.0,250.0,1,"[{'box': [386, 82, 54, 81], 'confidence': 0.9689948558807373, 'keypoints': {'left_eye': (416, 113), 'right_eye': (432, 110), 'nose': (434, 127), 'mouth_left': (420, 144), 'mouth_right': (432, 142)}}]"
10802.0,260.0,1,"[{'box': [381, 83, 54, 77], 'confidence': 0.9873782992362976, 'keypoints': {'left_eye': (412, 113), 'right_eye': (428, 111), 'nose': (430, 127), 'mouth_left': (414, 142), 'mouth_right': (427, 142)}}]"
11220.0,270.0,0,"[]"
11637.0,280.0,0,"[]"
12054.0,290.0,0,"[]"
12471.0,300.0,1,"[{'box': [234, 54, 111, 149], 'confidence': 0.9996659755706787, 'keypoints': {'left_eye': (274, 114), 'right_eye': (326, 112), 'nose': (307, 142), 'mouth_left': (277, 169), 'mouth_right': (326, 167)}}]"
12888.0,310.0,1,"[{'box': [229, 60, 114, 141], 'confidence': 0.9998571872711182, 'keypoints': {'left_eye': (270, 108), 'right_eye': (323, 104), 'nose': (304, 133), 'mouth_left': (275, 165), 'mouth_right': (320, 163)}}]"
13305.0,320.0,1,"[{'box': [222, 50, 115, 147], 'confidence': 0.9990068078041077, 'keypoints': {'left_eye': (262, 108), 'right_eye': (315, 105), 'nose': (296, 134), 'mouth_left': (268, 163), 'mouth_right': (316, 161)}}]"
13722.0,330.0,1,"[{'box': [372, 139, 24, 32], 'confidence': 0.747814416885376, 'keypoints': {'left_eye': (381, 151), 'right_eye': (393, 150), 'nose': (389, 158), 'mouth_left': (382, 165), 'mouth_right': (391, 164)}}]"
14139.0,340.0,2,"[{'box': [229, 160, 62, 78], 'confidence': 0.9885828495025635, 'keypoints': {'left_eye': (250, 191), 'right_eye': (280, 193), 'nose': (266, 211), 'mouth_left': (250, 222), 'mouth_right': (275, 224)}}, {'box': [371, 144, 27, 32], 'confidence': 0.9774779081344604, 'keypoints': {'left_eye': (380, 155), 'right_eye': (392, 156), 'nose': (386, 162), 'mouth_left': (380, 168), 'mouth_right': (390, 169)}}]"
14556.0,350.0,1,"[{'box': [305, 147, 93, 113], 'confidence': 0.9949942231178284, 'keypoints': {'left_eye': (341, 188), 'right_eye': (386, 190), 'nose': (368, 214), 'mouth_left': (342, 235), 'mouth_right': (379, 237)}}]"
14973.0,360.0,1,"[{'box': [289, 83, 104, 132], 'confidence': 0.9993656277656555, 'keypoints': {'left_eye': (316, 130), 'right_eye': (365, 133), 'nose': (334, 156), 'mouth_left': (316, 185), 'mouth_right': (354, 189)}}]"
15390.0,370.0,1,"[{'box': [228, 41, 79, 103], 'confidence': 0.998197615146637, 'keypoints': {'left_eye': (254, 78), 'right_eye': (291, 79), 'nose': (277, 94), 'mouth_left': (259, 119), 'mouth_right': (291, 120)}}]"
15807.0,380.0,1,"[{'box': [240, 42, 78, 103], 'confidence': 0.9983975291252136, 'keypoints': {'left_eye': (264, 80), 'right_eye': (302, 80), 'nose': (287, 95), 'mouth_left': (268, 120), 'mouth_right': (302, 120)}}]"
16225.0,390.0,1,"[{'box': [242, 43, 83, 108], 'confidence': 0.9994589686393738, 'keypoints': {'left_eye': (269, 83), 'right_eye': (307, 82), 'nose': (291, 96), 'mouth_left': (274, 124), 'mouth_right': (306, 124)}}]"
16642.0,400.0,1,"[{'box': [232, 49, 82, 109], 'confidence': 0.9985268115997314, 'keypoints': {'left_eye': (259, 88), 'right_eye': (297, 88), 'nose': (284, 105), 'mouth_left': (267, 134), 'mouth_right': (297, 133)}}]"
17059.0,410.0,3,"[{'box': [383, 49, 80, 103], 'confidence': 0.9997908473014832, 'keypoints': {'left_eye': (409, 91), 'right_eye': (444, 90), 'nose': (428, 108), 'mouth_left': (409, 126), 'mouth_right': (446, 125)}}, {'box': [261, 86, 23, 28], 'confidence': 0.9544042348861694, 'keypoints': {'left_eye': (267, 99), 'right_eye': (277, 95), 'nose': (273, 103), 'mouth_left': (271, 110), 'mouth_right': (280, 107)}}, {'box': [90, 100, 22, 27], 'confidence': 0.9381078481674194, 'keypoints': {'left_eye': (95, 110), 'right_eye': (107, 108), 'nose': (101, 115), 'mouth_left': (97, 121), 'mouth_right': (107, 120)}}]"
17476.0,420.0,4,"[{'box': [375, 74, 79, 98], 'confidence': 0.9998108744621277, 'keypoints': {'left_eye': (403, 117), 'right_eye': (437, 114), 'nose': (425, 137), 'mouth_left': (402, 148), 'mouth_right': (438, 146)}}, {'box': [92, 99, 22, 28], 'confidence': 0.9940105080604553, 'keypoints': {'left_eye': (98, 109), 'right_eye': (109, 108), 'nose': (103, 114), 'mouth_left': (99, 120), 'mouth_right': (108, 120)}}, {'box': [263, 84, 22, 29], 'confidence': 0.894453227519989, 'keypoints': {'left_eye': (270, 97), 'right_eye': (280, 95), 'nose': (276, 101), 'mouth_left': (272, 107), 'mouth_right': (282, 105)}}, {'box': [199, 51, 18, 24], 'confidence': 0.8599048256874084, 'keypoints': {'left_eye': (204, 59), 'right_eye': (213, 58), 'nose': (209, 63), 'mouth_left': (205, 69), 'mouth_right': (213, 68)}}]"
17893.0,430.0,6,"[{'box': [110, 109, 23, 30], 'confidence': 0.9992073178291321, 'keypoints': {'left_eye': (116, 120), 'right_eye': (128, 120), 'nose': (121, 126), 'mouth_left': (116, 132), 'mouth_right': (127, 133)}}, {'box': [333, 67, 22, 28], 'confidence': 0.999148964881897, 'keypoints': {'left_eye': (342, 77), 'right_eye': (352, 77), 'nose': (349, 83), 'mouth_left': (343, 88), 'mouth_right': (351, 88)}}, {'box': [174, 93, 21, 28], 'confidence': 0.9989444613456726, 'keypoints': {'left_eye': (181, 103), 'right_eye': (191, 104), 'nose': (185, 109), 'mouth_left': (181, 114), 'mouth_right': (190, 115)}}, {'box': [467, 25, 24, 32], 'confidence': 0.9833000898361206, 'keypoints': {'left_eye': (473, 37), 'right_eye': (484, 36), 'nose': (478, 43), 'mouth_left': (474, 50), 'mouth_right': (484, 49)}}, {'box': [15, 95, 18, 23], 'confidence': 0.9747134447097778, 'keypoints': {'left_eye': (18, 104), 'right_eye': (27, 103), 'nose': (21, 108), 'mouth_left': (19, 112), 'mouth_right': (27, 112)}}, {'box': [408, 79, 58, 73], 'confidence': 0.8932029008865356, 'keypoints': {'left_eye': (423, 102), 'right_eye': (450, 106), 'nose': (430, 116), 'mouth_left': (420, 132), 'mouth_right': (442, 136)}}]"
18310.0,440.0,1,"[{'box': [233, 88, 111, 143], 'confidence': 0.9906909465789795, 'keypoints': {'left_eye': (258, 139), 'right_eye': (310, 144), 'nose': (275, 171), 'mouth_left': (257, 199), 'mouth_right': (300, 204)}}]"
18727.0,450.0,1,"[{'box': [234, 96, 114, 142], 'confidence': 0.9974193572998047, 'keypoints': {'left_eye': (264, 146), 'right_eye': (317, 150), 'nose': (284, 179), 'mouth_left': (264, 205), 'mouth_right': (307, 209)}}]"
19144.0,460.0,1,"[{'box': [553, 108, 38, 42], 'confidence': 0.7739704251289368, 'keypoints': {'left_eye': (567, 125), 'right_eye': (579, 124), 'nose': (571, 126), 'mouth_left': (566, 137), 'mouth_right': (576, 137)}}]"
19561.0,470.0,0,"[]"
19978.0,480.0,0,"[]"
20395.0,490.0,0,"[]"
20812.0,500.0,0,"[]"
21230.0,510.0,0,"[]"
21647.0,520.0,0,"[]"
22064.0,530.0,2,"[{'box': [24, 92, 25, 32], 'confidence': 0.9973415732383728, 'keypoints': {'left_eye': (38, 105), 'right_eye': (47, 104), 'nose': (47, 110), 'mouth_left': (39, 118), 'mouth_right': (47, 117)}}, {'box': [602, 61, 26, 31], 'confidence': 0.7601275444030762, 'keypoints': {'left_eye': (607, 71), 'right_eye': (620, 68), 'nose': (614, 77), 'mouth_left': (610, 85), 'mouth_right': (621, 83)}}]"
22481.0,540.0,1,"[{'box': [125, 75, 26, 36], 'confidence': 0.9891728162765503, 'keypoints': {'left_eye': (137, 88), 'right_eye': (148, 88), 'nose': (146, 95), 'mouth_left': (138, 102), 'mouth_right': (147, 103)}}]"
22898.0,550.0,0,"[]"
23315.0,560.0,1,"[{'box': [313, 81, 85, 107], 'confidence': 0.9916689395904541, 'keypoints': {'left_eye': (328, 119), 'right_eye': (367, 117), 'nose': (337, 135), 'mouth_left': (329, 163), 'mouth_right': (361, 163)}}]"
23732.0,570.0,0,"[]"
24149.0,580.0,1,"[{'box': [296, 49, 95, 110], 'confidence': 0.9993372559547424, 'keypoints': {'left_eye': (322, 88), 'right_eye': (367, 86), 'nose': (344, 101), 'mouth_left': (329, 134), 'mouth_right': (364, 132)}}]"
24566.0,590.0,1,"[{'box': [450, 65, 52, 63], 'confidence': 0.9967756867408752, 'keypoints': {'left_eye': (461, 89), 'right_eye': (486, 88), 'nose': (469, 98), 'mouth_left': (461, 114), 'mouth_right': (481, 114)}}]"
24983.0,600.0,1,"[{'box': [457, 61, 54, 68], 'confidence': 0.9991901516914368, 'keypoints': {'left_eye': (471, 87), 'right_eye': (496, 88), 'nose': (479, 97), 'mouth_left': (469, 112), 'mouth_right': (489, 114)}}]"
25400.0,610.0,1,"[{'box': [457, 61, 56, 69], 'confidence': 0.9959015250205994, 'keypoints': {'left_eye': (471, 87), 'right_eye': (497, 87), 'nose': (481, 96), 'mouth_left': (472, 114), 'mouth_right': (492, 114)}}]"
25817.0,620.0,1,"[{'box': [452, 62, 58, 66], 'confidence': 0.9992052912712097, 'keypoints': {'left_eye': (466, 87), 'right_eye': (493, 84), 'nose': (478, 94), 'mouth_left': (469, 112), 'mouth_right': (492, 111)}}]"
26235.0,630.0,1,"[{'box': [452, 61, 57, 67], 'confidence': 0.996828019618988, 'keypoints': {'left_eye': (466, 85), 'right_eye': (492, 82), 'nose': (478, 92), 'mouth_left': (470, 112), 'mouth_right': (492, 109)}}]"
26652.0,640.0,2,"[{'box': [329, 88, 76, 96], 'confidence': 0.9958401918411255, 'keypoints': {'left_eye': (354, 126), 'right_eye': (390, 123), 'nose': (375, 143), 'mouth_left': (361, 166), 'mouth_right': (390, 164)}}, {'box': [455, 73, 29, 40], 'confidence': 0.9896211624145508, 'keypoints': {'left_eye': (461, 87), 'right_eye': (472, 88), 'nose': (461, 95), 'mouth_left': (458, 103), 'mouth_right': (467, 105)}}]"
27069.0,650.0,1,"[{'box': [426, 75, 31, 43], 'confidence': 0.8436199426651001, 'keypoints': {'left_eye': (432, 90), 'right_eye': (445, 91), 'nose': (434, 99), 'mouth_left': (430, 108), 'mouth_right': (440, 110)}}]"
27486.0,660.0,0,"[]"
27903.0,670.0,1,"[{'box': [294, 79, 78, 96], 'confidence': 0.9977219700813293, 'keypoints': {'left_eye': (314, 110), 'right_eye': (350, 119), 'nose': (323, 134), 'mouth_left': (308, 151), 'mouth_right': (336, 159)}}]"
28320.0,680.0,1,"[{'box': [346, 52, 82, 111], 'confidence': 0.997200608253479, 'keypoints': {'left_eye': (389, 95), 'right_eye': (422, 97), 'nose': (417, 118), 'mouth_left': (392, 141), 'mouth_right': (417, 143)}}]"
28737.0,690.0,2,"[{'box': [251, 124, 41, 52], 'confidence': 0.999046266078949, 'keypoints': {'left_eye': (268, 141), 'right_eye': (287, 144), 'nose': (281, 151), 'mouth_left': (269, 163), 'mouth_right': (283, 165)}}, {'box': [344, 121, 70, 91], 'confidence': 0.9923198819160461, 'keypoints': {'left_eye': (354, 154), 'right_eye': (384, 153), 'nose': (359, 171), 'mouth_left': (353, 193), 'mouth_right': (379, 193)}}]"
29154.0,700.0,0,"[]"
29571.0,710.0,2,"[{'box': [228, 115, 49, 64], 'confidence': 0.9994476437568665, 'keypoints': {'left_eye': (252, 138), 'right_eye': (273, 144), 'nose': (266, 151), 'mouth_left': (250, 164), 'mouth_right': (265, 169)}}, {'box': [68, 79, 54, 80], 'confidence': 0.9465050101280212, 'keypoints': {'left_eye': (102, 113), 'right_eye': (116, 109), 'nose': (122, 124), 'mouth_left': (108, 144), 'mouth_right': (119, 141)}}]"
29988.0,720.0,2,"[{'box': [212, 118, 53, 68], 'confidence': 0.9995978474617004, 'keypoints': {'left_eye': (236, 140), 'right_eye': (259, 145), 'nose': (253, 155), 'mouth_left': (236, 168), 'mouth_right': (253, 173)}}, {'box': [5, 65, 70, 104], 'confidence': 0.9947920441627502, 'keypoints': {'left_eye': (46, 103), 'right_eye': (68, 103), 'nose': (71, 123), 'mouth_left': (50, 148), 'mouth_right': (66, 148)}}]"
30405.0,730.0,1,"[{'box': [183, 115, 60, 79], 'confidence': 0.999871015548706, 'keypoints': {'left_eye': (211, 142), 'right_eye': (237, 147), 'nose': (230, 157), 'mouth_left': (209, 174), 'mouth_right': (230, 179)}}]"
30822.0,740.0,1,"[{'box': [146, 110, 68, 90], 'confidence': 0.9999260902404785, 'keypoints': {'left_eye': (178, 139), 'right_eye': (208, 146), 'nose': (199, 157), 'mouth_left': (176, 176), 'mouth_right': (199, 181)}}]"
31240.0,750.0,0,"[]"
31657.0,760.0,1,"[{'box': [136, 165, 21, 28], 'confidence': 0.7030035257339478, 'keypoints': {'left_eye': (142, 175), 'right_eye': (150, 175), 'nose': (146, 182), 'mouth_left': (143, 188), 'mouth_right': (150, 187)}}]"
32074.0,770.0,0,"[]"
32491.0,780.0,1,"[{'box': [134, 166, 20, 27], 'confidence': 0.7439425587654114, 'keypoints': {'left_eye': (138, 175), 'right_eye': (148, 177), 'nose': (142, 182), 'mouth_left': (138, 188), 'mouth_right': (146, 188)}}]"
32908.0,790.0,1,"[{'box': [361, 35, 48, 61], 'confidence': 0.9789673686027527, 'keypoints': {'left_eye': (369, 57), 'right_eye': (390, 53), 'nose': (376, 69), 'mouth_left': (375, 84), 'mouth_right': (392, 81)}}]"
33325.0,800.0,1,"[{'box': [362, 44, 46, 58], 'confidence': 0.9934456944465637, 'keypoints': {'left_eye': (371, 65), 'right_eye': (392, 62), 'nose': (380, 78), 'mouth_left': (377, 90), 'mouth_right': (393, 88)}}]"
33742.0,810.0,2,"[{'box': [308, 59, 52, 65], 'confidence': 0.9950997233390808, 'keypoints': {'left_eye': (331, 83), 'right_eye': (355, 82), 'nose': (351, 95), 'mouth_left': (337, 113), 'mouth_right': (355, 112)}}, {'box': [364, 45, 17, 20], 'confidence': 0.7455191612243652, 'keypoints': {'left_eye': (370, 52), 'right_eye': (378, 53), 'nose': (373, 57), 'mouth_left': (369, 61), 'mouth_right': (375, 62)}}]"
34159.0,820.0,1,"[{'box': [262, 65, 57, 71], 'confidence': 0.9983150959014893, 'keypoints': {'left_eye': (277, 90), 'right_eye': (304, 91), 'nose': (288, 105), 'mouth_left': (279, 120), 'mouth_right': (301, 121)}}]"
34576.0,830.0,1,"[{'box': [361, 42, 17, 22], 'confidence': 0.8387081623077393, 'keypoints': {'left_eye': (367, 51), 'right_eye': (375, 50), 'nose': (371, 55), 'mouth_left': (368, 60), 'mouth_right': (375, 59)}}]"
34993.0,840.0,1,"[{'box': [84, 100, 81, 116], 'confidence': 0.9678703546524048, 'keypoints': {'left_eye': (131, 144), 'right_eye': (158, 145), 'nose': (161, 164), 'mouth_left': (138, 191), 'mouth_right': (158, 191)}}]"
35410.0,850.0,0,"[]"
35827.0,860.0,0,"[]"
36245.0,870.0,2,"[{'box': [155, 42, 117, 146], 'confidence': 0.9975231289863586, 'keypoints': {'left_eye': (181, 101), 'right_eye': (235, 96), 'nose': (204, 134), 'mouth_left': (194, 161), 'mouth_right': (235, 157)}}, {'box': [477, 9, 57, 73], 'confidence': 0.9948716163635254, 'keypoints': {'left_eye': (506, 37), 'right_eye': (530, 37), 'nose': (526, 49), 'mouth_left': (511, 68), 'mouth_right': (528, 68)}}]"
36662.0,880.0,2,"[{'box': [162, 56, 120, 149], 'confidence': 0.9995658993721008, 'keypoints': {'left_eye': (188, 117), 'right_eye': (243, 114), 'nose': (209, 153), 'mouth_left': (199, 176), 'mouth_right': (245, 174)}}, {'box': [490, 23, 57, 74], 'confidence': 0.9953460097312927, 'keypoints': {'left_eye': (517, 52), 'right_eye': (542, 54), 'nose': (536, 64), 'mouth_left': (520, 83), 'mouth_right': (538, 83)}}]"
37079.0,890.0,2,"[{'box': [170, 58, 118, 145], 'confidence': 0.9997884631156921, 'keypoints': {'left_eye': (192, 116), 'right_eye': (246, 114), 'nose': (212, 152), 'mouth_left': (203, 175), 'mouth_right': (246, 173)}}, {'box': [500, 28, 56, 73], 'confidence': 0.9920631051063538, 'keypoints': {'left_eye': (526, 58), 'right_eye': (552, 59), 'nose': (544, 70), 'mouth_left': (529, 89), 'mouth_right': (547, 90)}}]"
37496.0,900.0,2,"[{'box': [499, 49, 56, 69], 'confidence': 0.9991297125816345, 'keypoints': {'left_eye': (521, 80), 'right_eye': (547, 77), 'nose': (537, 93), 'mouth_left': (523, 107), 'mouth_right': (545, 105)}}, {'box': [163, 60, 116, 143], 'confidence': 0.9991276860237122, 'keypoints': {'left_eye': (186, 118), 'right_eye': (239, 115), 'nose': (206, 152), 'mouth_left': (196, 176), 'mouth_right': (240, 173)}}]"
37913.0,910.0,1,"[{'box': [277, 56, 117, 146], 'confidence': 0.9995554089546204, 'keypoints': {'left_eye': (297, 111), 'right_eye': (350, 110), 'nose': (314, 142), 'mouth_left': (304, 168), 'mouth_right': (350, 167)}}]"
38330.0,920.0,1,"[{'box': [278, 53, 117, 149], 'confidence': 0.9993282556533813, 'keypoints': {'left_eye': (298, 111), 'right_eye': (351, 110), 'nose': (315, 143), 'mouth_left': (303, 165), 'mouth_right': (352, 165)}}]"
38747.0,930.0,1,"[{'box': [275, 56, 122, 152], 'confidence': 0.9988142251968384, 'keypoints': {'left_eye': (298, 116), 'right_eye': (352, 115), 'nose': (316, 151), 'mouth_left': (304, 174), 'mouth_right': (353, 174)}}]"
39164.0,940.0,1,"[{'box': [274, 63, 113, 146], 'confidence': 0.9965468049049377, 'keypoints': {'left_eye': (294, 117), 'right_eye': (345, 116), 'nose': (308, 149), 'mouth_left': (299, 172), 'mouth_right': (343, 172)}}]"
39581.0,950.0,1,"[{'box': [269, 61, 115, 148], 'confidence': 0.9983312487602234, 'keypoints': {'left_eye': (289, 116), 'right_eye': (342, 113), 'nose': (307, 147), 'mouth_left': (298, 175), 'mouth_right': (341, 173)}}]"
39998.0,960.0,1,"[{'box': [210, 54, 89, 115], 'confidence': 0.9964399933815002, 'keypoints': {'left_eye': (240, 98), 'right_eye': (281, 95), 'nose': (264, 116), 'mouth_left': (247, 144), 'mouth_right': (281, 141)}}]"
40415.0,970.0,1,"[{'box': [200, 58, 90, 114], 'confidence': 0.9979366064071655, 'keypoints': {'left_eye': (229, 102), 'right_eye': (271, 98), 'nose': (253, 121), 'mouth_left': (237, 147), 'mouth_right': (272, 144)}}]"
40832.0,980.0,1,"[{'box': [194, 57, 93, 120], 'confidence': 0.9937605261802673, 'keypoints': {'left_eye': (224, 104), 'right_eye': (267, 101), 'nose': (247, 123), 'mouth_left': (232, 150), 'mouth_right': (266, 148)}}]"
41250.0,990.0,0,"[]"
41667.0,1000.0,1,"[{'box': [333, 76, 94, 120], 'confidence': 0.9998757839202881, 'keypoints': {'left_eye': (365, 125), 'right_eye': (408, 119), 'nose': (397, 145), 'mouth_left': (376, 172), 'mouth_right': (413, 166)}}]"
42084.0,1010.0,1,"[{'box': [332, 81, 94, 118], 'confidence': 0.9998595714569092, 'keypoints': {'left_eye': (363, 128), 'right_eye': (407, 124), 'nose': (392, 149), 'mouth_left': (371, 176), 'mouth_right': (409, 172)}}]"
42501.0,1020.0,1,"[{'box': [332, 80, 95, 118], 'confidence': 0.9998906850814819, 'keypoints': {'left_eye': (364, 128), 'right_eye': (408, 125), 'nose': (393, 150), 'mouth_left': (371, 176), 'mouth_right': (410, 173)}}]"
42918.0,1030.0,1,"[{'box': [331, 72, 98, 127], 'confidence': 0.9991137385368347, 'keypoints': {'left_eye': (366, 126), 'right_eye': (410, 122), 'nose': (396, 147), 'mouth_left': (372, 174), 'mouth_right': (410, 171)}}]"
43335.0,1040.0,1,"[{'box': [328, 70, 95, 125], 'confidence': 0.9990077614784241, 'keypoints': {'left_eye': (370, 120), 'right_eye': (413, 119), 'nose': (402, 142), 'mouth_left': (376, 169), 'mouth_right': (412, 168)}}]"
43752.0,1050.0,1,"[{'box': [340, 72, 92, 120], 'confidence': 0.9994542002677917, 'keypoints': {'left_eye': (374, 121), 'right_eye': (417, 119), 'nose': (404, 143), 'mouth_left': (378, 167), 'mouth_right': (417, 166)}}]"
44169.0,1060.0,0,"[]"
44586.0,1070.0,0,"[]"
45003.0,1080.0,0,"[]"
45420.0,1090.0,0,"[]"
45837.0,1100.0,0,"[]"
46255.0,1110.0,0,"[]"
46672.0,1120.0,0,"[]"
47089.0,1130.0,1,"[{'box': [227, 100, 117, 145], 'confidence': 0.9553828239440918, 'keypoints': {'left_eye': (276, 153), 'right_eye': (322, 153), 'nose': (307, 187), 'mouth_left': (278, 212), 'mouth_right': (314, 213)}}]"
47506.0,1140.0,1,"[{'box': [253, 89, 146, 187], 'confidence': 0.9876011610031128, 'keypoints': {'left_eye': (296, 159), 'right_eye': (364, 162), 'nose': (328, 200), 'mouth_left': (297, 231), 'mouth_right': (354, 234)}}]"
47923.0,1150.0,1,"[{'box': [291, 74, 140, 178], 'confidence': 0.9985430240631104, 'keypoints': {'left_eye': (339, 139), 'right_eye': (403, 146), 'nose': (368, 178), 'mouth_left': (334, 207), 'mouth_right': (391, 215)}}]"
48340.0,1160.0,0,"[]"
48757.0,1170.0,1,"[{'box': [288, 78, 139, 179], 'confidence': 0.9954745173454285, 'keypoints': {'left_eye': (336, 140), 'right_eye': (400, 150), 'nose': (366, 182), 'mouth_left': (329, 210), 'mouth_right': (382, 220)}}]"
49174.0,1180.0,0,"[]"
49591.0,1190.0,1,"[{'box': [304, 78, 137, 174], 'confidence': 0.9981293082237244, 'keypoints': {'left_eye': (351, 140), 'right_eye': (414, 151), 'nose': (379, 181), 'mouth_left': (342, 208), 'mouth_right': (396, 218)}}]"
50008.0,1200.0,1,"[{'box': [241, 74, 140, 176], 'confidence': 0.9996916055679321, 'keypoints': {'left_eye': (285, 137), 'right_eye': (350, 141), 'nose': (314, 176), 'mouth_left': (286, 208), 'mouth_right': (339, 212)}}]"
50425.0,1210.0,1,"[{'box': [266, 60, 148, 183], 'confidence': 0.9937717318534851, 'keypoints': {'left_eye': (298, 123), 'right_eye': (368, 127), 'nose': (318, 164), 'mouth_left': (294, 198), 'mouth_right': (357, 202)}}]"
50842.0,1220.0,1,"[{'box': [189, 65, 141, 167], 'confidence': 0.995385468006134, 'keypoints': {'left_eye': (218, 123), 'right_eye': (281, 122), 'nose': (238, 160), 'mouth_left': (224, 196), 'mouth_right': (273, 196)}}]"
51260.0,1230.0,1,"[{'box': [158, 67, 146, 176], 'confidence': 0.9774665236473083, 'keypoints': {'left_eye': (194, 134), 'right_eye': (259, 122), 'nose': (225, 168), 'mouth_left': (206, 201), 'mouth_right': (265, 190)}}]"
51677.0,1240.0,0,"[]"
52094.0,1250.0,1,"[{'box': [230, 89, 19, 26], 'confidence': 0.9842761754989624, 'keypoints': {'left_eye': (239, 99), 'right_eye': (247, 99), 'nose': (246, 104), 'mouth_left': (240, 109), 'mouth_right': (247, 110)}}]"
52511.0,1260.0,2,"[{'box': [466, 91, 21, 24], 'confidence': 0.9913763403892517, 'keypoints': {'left_eye': (475, 97), 'right_eye': (485, 98), 'nose': (481, 103), 'mouth_left': (475, 109), 'mouth_right': (483, 110)}}, {'box': [234, 90, 18, 23], 'confidence': 0.9465272426605225, 'keypoints': {'left_eye': (242, 99), 'right_eye': (250, 99), 'nose': (248, 104), 'mouth_left': (243, 109), 'mouth_right': (249, 109)}}]"
52928.0,1270.0,2,"[{'box': [241, 89, 18, 23], 'confidence': 0.9356871843338013, 'keypoints': {'left_eye': (249, 97), 'right_eye': (258, 98), 'nose': (255, 103), 'mouth_left': (249, 108), 'mouth_right': (255, 108)}}, {'box': [501, 79, 21, 30], 'confidence': 0.7181141972541809, 'keypoints': {'left_eye': (504, 91), 'right_eye': (512, 91), 'nose': (504, 97), 'mouth_left': (503, 104), 'mouth_right': (510, 104)}}]"
53345.0,1280.0,2,"[{'box': [454, 62, 43, 57], 'confidence': 0.9867509007453918, 'keypoints': {'left_eye': (458, 82), 'right_eye': (475, 79), 'nose': (460, 91), 'mouth_left': (461, 107), 'mouth_right': (472, 105)}}, {'box': [197, 95, 42, 53], 'confidence': 0.9741374254226685, 'keypoints': {'left_eye': (220, 112), 'right_eye': (238, 116), 'nose': (233, 124), 'mouth_left': (217, 133), 'mouth_right': (232, 137)}}]"
53762.0,1290.0,3,"[{'box': [212, 96, 45, 56], 'confidence': 0.9991714954376221, 'keypoints': {'left_eye': (231, 114), 'right_eye': (251, 119), 'nose': (243, 126), 'mouth_left': (228, 137), 'mouth_right': (244, 141)}}, {'box': [442, 65, 46, 59], 'confidence': 0.9923257827758789, 'keypoints': {'left_eye': (447, 87), 'right_eye': (466, 84), 'nose': (451, 99), 'mouth_left': (452, 113), 'mouth_right': (467, 111)}}, {'box': [275, 160, 14, 19], 'confidence': 0.9333863258361816, 'keypoints': {'left_eye': (278, 167), 'right_eye': (286, 167), 'nose': (282, 171), 'mouth_left': (278, 175), 'mouth_right': (285, 175)}}]"
54179.0,1300.0,3,"[{'box': [205, 104, 46, 55], 'confidence': 0.9966082572937012, 'keypoints': {'left_eye': (227, 121), 'right_eye': (247, 127), 'nose': (239, 134), 'mouth_left': (223, 144), 'mouth_right': (239, 149)}}, {'box': [445, 55, 53, 66], 'confidence': 0.994629979133606, 'keypoints': {'left_eye': (453, 81), 'right_eye': (477, 77), 'nose': (460, 93), 'mouth_left': (458, 108), 'mouth_right': (476, 106)}}, {'box': [297, 161, 15, 20], 'confidence': 0.9943713545799255, 'keypoints': {'left_eye': (300, 168), 'right_eye': (308, 168), 'nose': (304, 172), 'mouth_left': (301, 176), 'mouth_right': (307, 176)}}]"
54596.0,1310.0,3,"[{'box': [514, 38, 59, 70], 'confidence': 0.9996128678321838, 'keypoints': {'left_eye': (531, 66), 'right_eye': (559, 64), 'nose': (546, 75), 'mouth_left': (535, 92), 'mouth_right': (558, 91)}}, {'box': [185, 109, 49, 59], 'confidence': 0.991172730922699, 'keypoints': {'left_eye': (208, 128), 'right_eye': (230, 134), 'nose': (221, 141), 'mouth_left': (204, 152), 'mouth_right': (221, 157)}}, {'box': [318, 157, 18, 23], 'confidence': 0.9291813969612122, 'keypoints': {'left_eye': (325, 165), 'right_eye': (333, 165), 'nose': (330, 169), 'mouth_left': (326, 175), 'mouth_right': (333, 175)}}]"
55013.0,1320.0,3,"[{'box': [528, 39, 61, 72], 'confidence': 0.999403715133667, 'keypoints': {'left_eye': (549, 67), 'right_eye': (578, 65), 'nose': (569, 71), 'mouth_left': (556, 93), 'mouth_right': (580, 91)}}, {'box': [159, 126, 45, 57], 'confidence': 0.9972525238990784, 'keypoints': {'left_eye': (180, 145), 'right_eye': (200, 150), 'nose': (192, 158), 'mouth_left': (176, 169), 'mouth_right': (192, 173)}}, {'box': [339, 156, 18, 26], 'confidence': 0.8461600542068481, 'keypoints': {'left_eye': (344, 166), 'right_eye': (353, 166), 'nose': (349, 170), 'mouth_left': (344, 176), 'mouth_right': (352, 176)}}]"
55430.0,1330.0,4,"[{'box': [367, 44, 26, 37], 'confidence': 0.9981679916381836, 'keypoints': {'left_eye': (369, 59), 'right_eye': (380, 59), 'nose': (370, 66), 'mouth_left': (369, 73), 'mouth_right': (378, 74)}}, {'box': [283, 57, 27, 33], 'confidence': 0.9941157102584839, 'keypoints': {'left_eye': (287, 70), 'right_eye': (299, 69), 'nose': (290, 77), 'mouth_left': (288, 84), 'mouth_right': (298, 83)}}, {'box': [607, 85, 20, 28], 'confidence': 0.946386992931366, 'keypoints': {'left_eye': (610, 95), 'right_eye': (618, 95), 'nose': (611, 101), 'mouth_left': (609, 106), 'mouth_right': (617, 107)}}, {'box': [332, 51, 28, 32], 'confidence': 0.9204549193382263, 'keypoints': {'left_eye': (338, 61), 'right_eye': (353, 60), 'nose': (344, 68), 'mouth_left': (339, 76), 'mouth_right': (352, 75)}}]"
55847.0,1340.0,2,"[{'box': [297, 55, 26, 34], 'confidence': 0.996494710445404, 'keypoints': {'left_eye': (301, 68), 'right_eye': (313, 68), 'nose': (304, 75), 'mouth_left': (302, 83), 'mouth_right': (311, 82)}}, {'box': [356, 42, 24, 33], 'confidence': 0.9939952492713928, 'keypoints': {'left_eye': (360, 54), 'right_eye': (371, 55), 'nose': (362, 61), 'mouth_left': (360, 68), 'mouth_right': (369, 69)}}]"
56265.0,1350.0,2,"[{'box': [290, 55, 24, 32], 'confidence': 0.9889867305755615, 'keypoints': {'left_eye': (294, 67), 'right_eye': (304, 67), 'nose': (296, 74), 'mouth_left': (294, 81), 'mouth_right': (303, 81)}}, {'box': [343, 45, 24, 35], 'confidence': 0.9093193411827087, 'keypoints': {'left_eye': (347, 59), 'right_eye': (357, 58), 'nose': (349, 65), 'mouth_left': (347, 72), 'mouth_right': (356, 72)}}]"
56682.0,1360.0,2,"[{'box': [354, 39, 89, 102], 'confidence': 0.9986308217048645, 'keypoints': {'left_eye': (376, 81), 'right_eye': (416, 73), 'nose': (395, 93), 'mouth_left': (385, 119), 'mouth_right': (419, 113)}}, {'box': [132, 146, 48, 56], 'confidence': 0.9971978664398193, 'keypoints': {'left_eye': (150, 164), 'right_eye': (172, 167), 'nose': (161, 176), 'mouth_left': (147, 185), 'mouth_right': (169, 188)}}]"
57099.0,1370.0,2,"[{'box': [371, 36, 86, 99], 'confidence': 0.9985528588294983, 'keypoints': {'left_eye': (390, 75), 'right_eye': (429, 68), 'nose': (406, 86), 'mouth_left': (396, 112), 'mouth_right': (431, 106)}}, {'box': [141, 149, 48, 58], 'confidence': 0.9956178665161133, 'keypoints': {'left_eye': (161, 168), 'right_eye': (183, 172), 'nose': (173, 180), 'mouth_left': (158, 190), 'mouth_right': (178, 194)}}]"
57516.0,1380.0,2,"[{'box': [147, 150, 48, 59], 'confidence': 0.9995051622390747, 'keypoints': {'left_eye': (169, 169), 'right_eye': (190, 174), 'nose': (182, 181), 'mouth_left': (166, 193), 'mouth_right': (182, 198)}}, {'box': [400, 55, 90, 105], 'confidence': 0.9970749616622925, 'keypoints': {'left_eye': (420, 98), 'right_eye': (460, 89), 'nose': (437, 111), 'mouth_left': (428, 136), 'mouth_right': (464, 128)}}]"
57933.0,1390.0,2,"[{'box': [385, 54, 86, 103], 'confidence': 0.9988889098167419, 'keypoints': {'left_eye': (406, 95), 'right_eye': (446, 89), 'nose': (425, 110), 'mouth_left': (414, 133), 'mouth_right': (449, 127)}}, {'box': [142, 156, 44, 54], 'confidence': 0.987321138381958, 'keypoints': {'left_eye': (160, 172), 'right_eye': (181, 177), 'nose': (171, 186), 'mouth_left': (156, 196), 'mouth_right': (174, 200)}}]"
58350.0,1400.0,2,"[{'box': [150, 159, 44, 53], 'confidence': 0.9995577931404114, 'keypoints': {'left_eye': (168, 175), 'right_eye': (188, 181), 'nose': (179, 188), 'mouth_left': (164, 196), 'mouth_right': (183, 202)}}, {'box': [361, 46, 86, 102], 'confidence': 0.9978227615356445, 'keypoints': {'left_eye': (382, 87), 'right_eye': (422, 82), 'nose': (399, 100), 'mouth_left': (386, 124), 'mouth_right': (423, 121)}}]"
58767.0,1410.0,3,"[{'box': [157, 161, 46, 54], 'confidence': 0.9987481832504272, 'keypoints': {'left_eye': (176, 179), 'right_eye': (197, 184), 'nose': (187, 192), 'mouth_left': (172, 200), 'mouth_right': (191, 205)}}, {'box': [240, 123, 35, 47], 'confidence': 0.9984056353569031, 'keypoints': {'left_eye': (257, 140), 'right_eye': (272, 140), 'nose': (270, 150), 'mouth_left': (258, 159), 'mouth_right': (271, 158)}}, {'box': [368, 51, 85, 103], 'confidence': 0.9962624907493591, 'keypoints': {'left_eye': (390, 93), 'right_eye': (430, 88), 'nose': (410, 107), 'mouth_left': (396, 130), 'mouth_right': (432, 127)}}]"
59184.0,1420.0,3,"[{'box': [162, 165, 44, 52], 'confidence': 0.99962317943573, 'keypoints': {'left_eye': (180, 181), 'right_eye': (200, 187), 'nose': (190, 193), 'mouth_left': (176, 202), 'mouth_right': (194, 207)}}, {'box': [378, 54, 84, 103], 'confidence': 0.9989737272262573, 'keypoints': {'left_eye': (401, 94), 'right_eye': (440, 90), 'nose': (421, 108), 'mouth_left': (408, 134), 'mouth_right': (441, 130)}}, {'box': [301, 118, 35, 51], 'confidence': 0.9927088022232056, 'keypoints': {'left_eye': (317, 136), 'right_eye': (333, 136), 'nose': (332, 145), 'mouth_left': (320, 156), 'mouth_right': (333, 156)}}]"
59601.0,1430.0,0,"[]"
60018.0,1440.0,0,"[]"
60435.0,1450.0,1,"[{'box': [382, 57, 48, 55], 'confidence': 0.9511345028877258, 'keypoints': {'left_eye': (391, 76), 'right_eye': (412, 73), 'nose': (399, 87), 'mouth_left': (393, 99), 'mouth_right': (411, 96)}}]"
60852.0,1460.0,1,"[{'box': [362, 60, 45, 57], 'confidence': 0.9935770630836487, 'keypoints': {'left_eye': (367, 79), 'right_eye': (385, 76), 'nose': (370, 91), 'mouth_left': (371, 104), 'mouth_right': (386, 101)}}]"
61270.0,1470.0,1,"[{'box': [372, 57, 53, 63], 'confidence': 0.9938355088233948, 'keypoints': {'left_eye': (380, 81), 'right_eye': (399, 75), 'nose': (385, 93), 'mouth_left': (387, 107), 'mouth_right': (403, 103)}}]"
61687.0,1480.0,1,"[{'box': [400, 57, 55, 66], 'confidence': 0.9392455816268921, 'keypoints': {'left_eye': (409, 80), 'right_eye': (428, 76), 'nose': (411, 92), 'mouth_left': (412, 107), 'mouth_right': (428, 104)}}]"
62104.0,1490.0,0,"[]"
62521.0,1500.0,1,"[{'box': [281, 116, 49, 61], 'confidence': 0.9538634419441223, 'keypoints': {'left_eye': (297, 137), 'right_eye': (321, 139), 'nose': (309, 150), 'mouth_left': (296, 161), 'mouth_right': (316, 164)}}]"
62938.0,1510.0,0,"[]"
63355.0,1520.0,2,"[{'box': [205, 52, 58, 73], 'confidence': 0.9606457948684692, 'keypoints': {'left_eye': (242, 75), 'right_eye': (262, 79), 'nose': (261, 93), 'mouth_left': (239, 107), 'mouth_right': (255, 110)}}, {'box': [524, 115, 40, 50], 'confidence': 0.9601472616195679, 'keypoints': {'left_eye': (538, 134), 'right_eye': (557, 132), 'nose': (551, 144), 'mouth_left': (542, 154), 'mouth_right': (557, 153)}}]"
63772.0,1530.0,1,"[{'box': [206, 54, 57, 73], 'confidence': 0.945432722568512, 'keypoints': {'left_eye': (242, 77), 'right_eye': (261, 79), 'nose': (262, 94), 'mouth_left': (241, 108), 'mouth_right': (256, 110)}}]"
64189.0,1540.0,2,"[{'box': [569, 108, 46, 54], 'confidence': 0.9651636481285095, 'keypoints': {'left_eye': (585, 127), 'right_eye': (607, 127), 'nose': (599, 138), 'mouth_left': (589, 149), 'mouth_right': (607, 149)}}, {'box': [214, 59, 52, 65], 'confidence': 0.868072509765625, 'keypoints': {'left_eye': (245, 77), 'right_eye': (266, 80), 'nose': (265, 92), 'mouth_left': (246, 107), 'mouth_right': (262, 109)}}]"
64606.0,1550.0,0,"[]"
65023.0,1560.0,1,"[{'box': [192, 55, 53, 65], 'confidence': 0.9370255470275879, 'keypoints': {'left_eye': (220, 75), 'right_eye': (242, 78), 'nose': (239, 89), 'mouth_left': (221, 103), 'mouth_right': (238, 105)}}]"
65440.0,1570.0,1,"[{'box': [165, 58, 54, 62], 'confidence': 0.9722378253936768, 'keypoints': {'left_eye': (189, 78), 'right_eye': (214, 78), 'nose': (207, 92), 'mouth_left': (193, 105), 'mouth_right': (212, 106)}}]"
65857.0,1580.0,0,"[]"
66275.0,1590.0,1,"[{'box': [268, 73, 31, 41], 'confidence': 0.9863436222076416, 'keypoints': {'left_eye': (279, 87), 'right_eye': (294, 87), 'nose': (289, 96), 'mouth_left': (282, 105), 'mouth_right': (293, 105)}}]"
66692.0,1600.0,3,"[{'box': [344, 198, 16, 18], 'confidence': 0.9959765076637268, 'keypoints': {'left_eye': (348, 204), 'right_eye': (357, 205), 'nose': (352, 209), 'mouth_left': (348, 213), 'mouth_right': (355, 213)}}, {'box': [277, 73, 32, 40], 'confidence': 0.9487087726593018, 'keypoints': {'left_eye': (289, 87), 'right_eye': (304, 87), 'nose': (299, 94), 'mouth_left': (291, 103), 'mouth_right': (303, 103)}}, {'box': [432, 201, 15, 17], 'confidence': 0.947736918926239, 'keypoints': {'left_eye': (436, 207), 'right_eye': (443, 206), 'nose': (440, 211), 'mouth_left': (438, 215), 'mouth_right': (444, 214)}}]"
67109.0,1610.0,1,"[{'box': [293, 90, 33, 44], 'confidence': 0.9786171317100525, 'keypoints': {'left_eye': (305, 104), 'right_eye': (321, 105), 'nose': (316, 112), 'mouth_left': (308, 123), 'mouth_right': (319, 124)}}]"
67526.0,1620.0,3,"[{'box': [383, 51, 43, 56], 'confidence': 0.9995560050010681, 'keypoints': {'left_eye': (391, 70), 'right_eye': (410, 71), 'nose': (394, 82), 'mouth_left': (390, 94), 'mouth_right': (406, 95)}}, {'box': [471, 80, 16, 21], 'confidence': 0.9893222451210022, 'keypoints': {'left_eye': (476, 87), 'right_eye': (484, 87), 'nose': (479, 92), 'mouth_left': (476, 96), 'mouth_right': (483, 96)}}, {'box': [362, 105, 19, 22], 'confidence': 0.9812333583831787, 'keypoints': {'left_eye': (368, 112), 'right_eye': (377, 112), 'nose': (372, 116), 'mouth_left': (369, 122), 'mouth_right': (376, 122)}}]"
67943.0,1630.0,3,"[{'box': [387, 55, 43, 59], 'confidence': 0.9951092600822449, 'keypoints': {'left_eye': (394, 76), 'right_eye': (415, 77), 'nose': (399, 88), 'mouth_left': (395, 100), 'mouth_right': (411, 101)}}, {'box': [363, 108, 18, 22], 'confidence': 0.9916101098060608, 'keypoints': {'left_eye': (368, 115), 'right_eye': (377, 115), 'nose': (373, 119), 'mouth_left': (369, 125), 'mouth_right': (377, 125)}}, {'box': [470, 83, 16, 21], 'confidence': 0.9682162404060364, 'keypoints': {'left_eye': (474, 90), 'right_eye': (483, 91), 'nose': (478, 95), 'mouth_left': (475, 99), 'mouth_right': (481, 100)}}]"
68360.0,1640.0,3,"[{'box': [390, 57, 44, 59], 'confidence': 0.9991219639778137, 'keypoints': {'left_eye': (397, 77), 'right_eye': (418, 79), 'nose': (402, 91), 'mouth_left': (398, 102), 'mouth_right': (414, 103)}}, {'box': [468, 86, 16, 20], 'confidence': 0.9876260161399841, 'keypoints': {'left_eye': (473, 92), 'right_eye': (482, 93), 'nose': (477, 97), 'mouth_left': (473, 102), 'mouth_right': (481, 102)}}, {'box': [361, 111, 19, 23], 'confidence': 0.9848023056983948, 'keypoints': {'left_eye': (366, 119), 'right_eye': (375, 118), 'nose': (371, 122), 'mouth_left': (367, 128), 'mouth_right': (375, 128)}}]"
68777.0,1650.0,0,"[]"
69194.0,1660.0,0,"[]"
69611.0,1670.0,1,"[{'box': [344, 119, 18, 22], 'confidence': 0.9459500312805176, 'keypoints': {'left_eye': (349, 126), 'right_eye': (358, 126), 'nose': (353, 131), 'mouth_left': (350, 136), 'mouth_right': (358, 136)}}]"
70028.0,1680.0,2,"[{'box': [449, 99, 14, 18], 'confidence': 0.9790327548980713, 'keypoints': {'left_eye': (454, 106), 'right_eye': (462, 106), 'nose': (459, 111), 'mouth_left': (455, 115), 'mouth_right': (460, 115)}}, {'box': [345, 122, 18, 21], 'confidence': 0.7572760581970215, 'keypoints': {'left_eye': (351, 129), 'right_eye': (360, 129), 'nose': (356, 133), 'mouth_left': (351, 138), 'mouth_right': (359, 138)}}]"
70445.0,1690.0,0,"[]"
70862.0,1700.0,0,"[]"
71280.0,1710.0,1,"[{'box': [351, 83, 83, 97], 'confidence': 0.9997739195823669, 'keypoints': {'left_eye': (376, 115), 'right_eye': (414, 114), 'nose': (396, 133), 'mouth_left': (380, 155), 'mouth_right': (411, 155)}}]"
71697.0,1720.0,0,"[]"
72114.0,1730.0,0,"[]"
72531.0,1740.0,0,"[]"
72948.0,1750.0,1,"[{'box': [338, 70, 94, 114], 'confidence': 0.9950816631317139, 'keypoints': {'left_eye': (367, 113), 'right_eye': (412, 110), 'nose': (392, 133), 'mouth_left': (376, 161), 'mouth_right': (410, 159)}}]"
73365.0,1760.0,1,"[{'box': [281, 67, 115, 135], 'confidence': 0.9733913540840149, 'keypoints': {'left_eye': (320, 118), 'right_eye': (376, 113), 'nose': (351, 142), 'mouth_left': (326, 174), 'mouth_right': (370, 170)}}]"
73782.0,1770.0,0,"[]"
74199.0,1780.0,0,"[]"
74616.0,1790.0,0,"[]"
75033.0,1800.0,0,"[]"
75450.0,1810.0,0,"[]"
75867.0,1820.0,1,"[{'box': [334, 90, 54, 66], 'confidence': 0.9853736162185669, 'keypoints': {'left_eye': (351, 112), 'right_eye': (376, 113), 'nose': (363, 128), 'mouth_left': (352, 140), 'mouth_right': (374, 141)}}]"
76285.0,1830.0,0,"[]"
76702.0,1840.0,1,"[{'box': [336, 96, 56, 67], 'confidence': 0.991424560546875, 'keypoints': {'left_eye': (352, 119), 'right_eye': (379, 119), 'nose': (366, 136), 'mouth_left': (352, 147), 'mouth_right': (378, 147)}}]"
77119.0,1850.0,0,"[]"
77536.0,1860.0,1,"[{'box': [332, 93, 54, 67], 'confidence': 0.989036500453949, 'keypoints': {'left_eye': (351, 116), 'right_eye': (377, 115), 'nose': (367, 131), 'mouth_left': (352, 145), 'mouth_right': (376, 144)}}]"
77953.0,1870.0,1,"[{'box': [334, 90, 58, 69], 'confidence': 0.9904248118400574, 'keypoints': {'left_eye': (353, 115), 'right_eye': (379, 110), 'nose': (370, 128), 'mouth_left': (357, 142), 'mouth_right': (383, 137)}}]"
78370.0,1880.0,2,"[{'box': [148, 91, 68, 84], 'confidence': 0.9997724890708923, 'keypoints': {'left_eye': (164, 120), 'right_eye': (196, 120), 'nose': (178, 140), 'mouth_left': (166, 155), 'mouth_right': (195, 155)}}, {'box': [391, 67, 80, 97], 'confidence': 0.9981909394264221, 'keypoints': {'left_eye': (408, 101), 'right_eye': (443, 93), 'nose': (423, 117), 'mouth_left': (418, 144), 'mouth_right': (444, 139)}}]"
78787.0,1890.0,3,"[{'box': [139, 110, 66, 79], 'confidence': 0.9994637370109558, 'keypoints': {'left_eye': (155, 137), 'right_eye': (185, 136), 'nose': (168, 155), 'mouth_left': (157, 168), 'mouth_right': (186, 168)}}, {'box': [384, 82, 73, 89], 'confidence': 0.9960768818855286, 'keypoints': {'left_eye': (399, 115), 'right_eye': (432, 107), 'nose': (416, 126), 'mouth_left': (410, 152), 'mouth_right': (436, 146)}}, {'box': [576, 29, 21, 26], 'confidence': 0.7631776332855225, 'keypoints': {'left_eye': (585, 38), 'right_eye': (594, 37), 'nose': (592, 44), 'mouth_left': (586, 51), 'mouth_right': (593, 50)}}]"
79204.0,1900.0,1,"[{'box': [281, 62, 122, 147], 'confidence': 0.9972261786460876, 'keypoints': {'left_eye': (322, 116), 'right_eye': (378, 115), 'nose': (353, 152), 'mouth_left': (321, 173), 'mouth_right': (375, 172)}}]"
79621.0,1910.0,1,"[{'box': [280, 52, 124, 156], 'confidence': 0.9911001324653625, 'keypoints': {'left_eye': (317, 106), 'right_eye': (374, 103), 'nose': (347, 140), 'mouth_left': (319, 168), 'mouth_right': (374, 166)}}]"
80038.0,1920.0,1,"[{'box': [282, 30, 126, 168], 'confidence': 0.9891408681869507, 'keypoints': {'left_eye': (320, 85), 'right_eye': (379, 84), 'nose': (350, 119), 'mouth_left': (324, 153), 'mouth_right': (375, 152)}}]"
80455.0,1930.0,1,"[{'box': [267, 11, 125, 160], 'confidence': 0.9935116171836853, 'keypoints': {'left_eye': (304, 65), 'right_eye': (363, 65), 'nose': (333, 95), 'mouth_left': (307, 129), 'mouth_right': (360, 129)}}]"
80872.0,1940.0,1,"[{'box': [260, 25, 126, 160], 'confidence': 0.9973708391189575, 'keypoints': {'left_eye': (299, 82), 'right_eye': (356, 80), 'nose': (329, 115), 'mouth_left': (301, 141), 'mouth_right': (356, 140)}}]"
81290.0,1950.0,0,"[]"
81707.0,1960.0,0,"[]"
82124.0,1970.0,0,"[]"
82541.0,1980.0,0,"[]"
82958.0,1990.0,0,"[]"
83375.0,2000.0,1,"[{'box': [350, 65, 61, 73], 'confidence': 0.9896625280380249, 'keypoints': {'left_eye': (368, 92), 'right_eye': (394, 87), 'nose': (385, 102), 'mouth_left': (376, 121), 'mouth_right': (397, 118)}}]"
83792.0,2010.0,2,"[{'box': [180, 92, 36, 46], 'confidence': 0.997154951095581, 'keypoints': {'left_eye': (191, 108), 'right_eye': (209, 108), 'nose': (201, 114), 'mouth_left': (194, 126), 'mouth_right': (208, 126)}}, {'box': [336, 80, 44, 57], 'confidence': 0.9957590699195862, 'keypoints': {'left_eye': (354, 100), 'right_eye': (373, 101), 'nose': (367, 110), 'mouth_left': (356, 124), 'mouth_right': (371, 124)}}]"
84209.0,2020.0,2,"[{'box': [175, 93, 35, 43], 'confidence': 0.9913899302482605, 'keypoints': {'left_eye': (187, 108), 'right_eye': (203, 108), 'nose': (196, 113), 'mouth_left': (188, 125), 'mouth_right': (202, 126)}}, {'box': [346, 35, 38, 51], 'confidence': 0.9692124128341675, 'keypoints': {'left_eye': (358, 53), 'right_eye': (377, 53), 'nose': (369, 61), 'mouth_left': (361, 73), 'mouth_right': (376, 73)}}]"
84626.0,2030.0,0,"[]"
85043.0,2040.0,1,"[{'box': [125, 80, 37, 47], 'confidence': 0.986799418926239, 'keypoints': {'left_eye': (141, 97), 'right_eye': (158, 98), 'nose': (154, 104), 'mouth_left': (143, 116), 'mouth_right': (157, 117)}}]"
85460.0,2050.0,0,"[]"
85877.0,2060.0,0,"[]"
86295.0,2070.0,0,"[]"
86712.0,2080.0,1,"[{'box': [295, 61, 84, 102], 'confidence': 0.9969160556793213, 'keypoints': {'left_eye': (321, 98), 'right_eye': (359, 94), 'nose': (346, 113), 'mouth_left': (330, 140), 'mouth_right': (363, 136)}}]"
87129.0,2090.0,0,"[]"
87546.0,2100.0,0,"[]"
87963.0,2110.0,0,"[]"
88380.0,2120.0,2,"[{'box': [151, 105, 67, 84], 'confidence': 0.9995287656784058, 'keypoints': {'left_eye': (178, 134), 'right_eye': (210, 140), 'nose': (196, 156), 'mouth_left': (176, 170), 'mouth_right': (201, 174)}}, {'box': [437, 94, 57, 76], 'confidence': 0.9410167336463928, 'keypoints': {'left_eye': (450, 120), 'right_eye': (471, 126), 'nose': (451, 134), 'mouth_left': (444, 149), 'mouth_right': (461, 156)}}]"
88797.0,2130.0,1,"[{'box': [229, 32, 157, 199], 'confidence': 0.9957122802734375, 'keypoints': {'left_eye': (264, 101), 'right_eye': (335, 104), 'nose': (283, 121), 'mouth_left': (258, 178), 'mouth_right': (318, 182)}}]"
89214.0,2140.0,0,"[]"
89631.0,2150.0,0,"[]"
90048.0,2160.0,1,"[{'box': [274, 46, 112, 147], 'confidence': 0.9996404647827148, 'keypoints': {'left_eye': (325, 100), 'right_eye': (375, 106), 'nose': (360, 123), 'mouth_left': (331, 158), 'mouth_right': (369, 163)}}]"
90465.0,2170.0,1,"[{'box': [277, 31, 113, 152], 'confidence': 0.9987303614616394, 'keypoints': {'left_eye': (329, 84), 'right_eye': (379, 92), 'nose': (365, 103), 'mouth_left': (332, 145), 'mouth_right': (371, 150)}}]"
90882.0,2180.0,1,"[{'box': [272, 44, 115, 144], 'confidence': 0.9999510049819946, 'keypoints': {'left_eye': (318, 95), 'right_eye': (370, 101), 'nose': (350, 117), 'mouth_left': (320, 150), 'mouth_right': (364, 156)}}]"
91300.0,2190.0,7,"[{'box': [158, 103, 26, 31], 'confidence': 0.9994986057281494, 'keypoints': {'left_eye': (169, 114), 'right_eye': (180, 114), 'nose': (177, 121), 'mouth_left': (169, 127), 'mouth_right': (179, 127)}}, {'box': [329, 98, 25, 32], 'confidence': 0.997111439704895, 'keypoints': {'left_eye': (337, 109), 'right_eye': (350, 109), 'nose': (344, 115), 'mouth_left': (339, 123), 'mouth_right': (348, 123)}}, {'box': [442, 97, 22, 29], 'confidence': 0.9928953051567078, 'keypoints': {'left_eye': (451, 107), 'right_eye': (461, 107), 'nose': (457, 114), 'mouth_left': (451, 119), 'mouth_right': (460, 120)}}, {'box': [414, 116, 25, 31], 'confidence': 0.9349049925804138, 'keypoints': {'left_eye': (421, 127), 'right_eye': (433, 127), 'nose': (427, 135), 'mouth_left': (422, 141), 'mouth_right': (432, 141)}}, {'box': [100, 94, 23, 27], 'confidence': 0.8919497132301331, 'keypoints': {'left_eye': (107, 103), 'right_eye': (118, 101), 'nose': (114, 108), 'mouth_left': (110, 116), 'mouth_right': (119, 114)}}, {'box': [253, 47, 18, 23], 'confidence': 0.8404709696769714, 'keypoints': {'left_eye': (258, 55), 'right_eye': (267, 55), 'nose': (262, 60), 'mouth_left': (259, 65), 'mouth_right': (267, 65)}}, {'box': [353, 100, 23, 29], 'confidence': 0.7375958561897278, 'keypoints': {'left_eye': (361, 109), 'right_eye': (373, 110), 'nose': (368, 116), 'mouth_left': (362, 123), 'mouth_right': (371, 123)}}]"
91717.0,2200.0,7,"[{'box': [311, 96, 25, 28], 'confidence': 0.9960601925849915, 'keypoints': {'left_eye': (320, 106), 'right_eye': (332, 105), 'nose': (327, 110), 'mouth_left': (322, 118), 'mouth_right': (331, 117)}}, {'box': [164, 100, 26, 35], 'confidence': 0.9913516044616699, 'keypoints': {'left_eye': (174, 113), 'right_eye': (186, 114), 'nose': (182, 121), 'mouth_left': (173, 128), 'mouth_right': (183, 129)}}, {'box': [435, 97, 21, 27], 'confidence': 0.9781206250190735, 'keypoints': {'left_eye': (443, 107), 'right_eye': (453, 106), 'nose': (449, 113), 'mouth_left': (444, 119), 'mouth_right': (453, 118)}}, {'box': [101, 70, 23, 29], 'confidence': 0.9719627499580383, 'keypoints': {'left_eye': (109, 81), 'right_eye': (121, 80), 'nose': (116, 86), 'mouth_left': (112, 92), 'mouth_right': (121, 91)}}, {'box': [396, 114, 25, 32], 'confidence': 0.9690398573875427, 'keypoints': {'left_eye': (402, 126), 'right_eye': (415, 125), 'nose': (408, 133), 'mouth_left': (403, 140), 'mouth_right': (414, 139)}}, {'box': [350, 100, 24, 30], 'confidence': 0.8828982710838318, 'keypoints': {'left_eye': (358, 110), 'right_eye': (370, 110), 'nose': (365, 116), 'mouth_left': (359, 124), 'mouth_right': (368, 124)}}, {'box': [82, 92, 27, 32], 'confidence': 0.7848620414733887, 'keypoints': {'left_eye': (89, 103), 'right_eye': (103, 101), 'nose': (97, 109), 'mouth_left': (92, 117), 'mouth_right': (103, 116)}}]"
92134.0,2210.0,6,"[{'box': [296, 95, 24, 30], 'confidence': 0.9990092515945435, 'keypoints': {'left_eye': (303, 107), 'right_eye': (315, 105), 'nose': (310, 110), 'mouth_left': (306, 119), 'mouth_right': (316, 117)}}, {'box': [427, 96, 20, 27], 'confidence': 0.9956958293914795, 'keypoints': {'left_eye': (432, 106), 'right_eye': (442, 106), 'nose': (437, 112), 'mouth_left': (433, 117), 'mouth_right': (442, 117)}}, {'box': [174, 101, 26, 33], 'confidence': 0.9912749528884888, 'keypoints': {'left_eye': (186, 114), 'right_eye': (197, 115), 'nose': (194, 122), 'mouth_left': (185, 127), 'mouth_right': (193, 128)}}, {'box': [106, 68, 23, 26], 'confidence': 0.9772682785987854, 'keypoints': {'left_eye': (114, 79), 'right_eye': (125, 78), 'nose': (120, 84), 'mouth_left': (116, 89), 'mouth_right': (125, 89)}}, {'box': [377, 112, 24, 33], 'confidence': 0.9338111877441406, 'keypoints': {'left_eye': (382, 124), 'right_eye': (395, 122), 'nose': (388, 130), 'mouth_left': (385, 138), 'mouth_right': (395, 136)}}, {'box': [51, 135, 27, 32], 'confidence': 0.8761793971061707, 'keypoints': {'left_eye': (58, 146), 'right_eye': (71, 143), 'nose': (66, 152), 'mouth_left': (62, 159), 'mouth_right': (73, 156)}}]"
92551.0,2220.0,6,"[{'box': [283, 99, 25, 29], 'confidence': 0.9961875081062317, 'keypoints': {'left_eye': (292, 110), 'right_eye': (304, 109), 'nose': (300, 115), 'mouth_left': (295, 123), 'mouth_right': (305, 121)}}, {'box': [197, 104, 25, 32], 'confidence': 0.9875636696815491, 'keypoints': {'left_eye': (210, 116), 'right_eye': (220, 117), 'nose': (217, 124), 'mouth_left': (208, 129), 'mouth_right': (216, 131)}}, {'box': [422, 100, 21, 28], 'confidence': 0.9669815897941589, 'keypoints': {'left_eye': (428, 110), 'right_eye': (438, 109), 'nose': (433, 116), 'mouth_left': (429, 121), 'mouth_right': (438, 121)}}, {'box': [244, 49, 18, 24], 'confidence': 0.8512014150619507, 'keypoints': {'left_eye': (249, 57), 'right_eye': (259, 57), 'nose': (255, 62), 'mouth_left': (251, 68), 'mouth_right': (259, 67)}}, {'box': [370, 112, 25, 31], 'confidence': 0.8095479607582092, 'keypoints': {'left_eye': (375, 123), 'right_eye': (388, 121), 'nose': (381, 128), 'mouth_left': (378, 136), 'mouth_right': (389, 134)}}, {'box': [67, 137, 28, 34], 'confidence': 0.8067018985748291, 'keypoints': {'left_eye': (78, 149), 'right_eye': (91, 147), 'nose': (88, 157), 'mouth_left': (80, 164), 'mouth_right': (90, 162)}}]"
92968.0,2230.0,1,"[{'box': [396, 96, 24, 30], 'confidence': 0.9919784069061279, 'keypoints': {'left_eye': (404, 108), 'right_eye': (416, 108), 'nose': (411, 114), 'mouth_left': (405, 120), 'mouth_right': (414, 120)}}]"
93385.0,2240.0,5,"[{'box': [383, 148, 24, 28], 'confidence': 0.9912759065628052, 'keypoints': {'left_eye': (387, 155), 'right_eye': (396, 156), 'nose': (388, 163), 'mouth_left': (387, 169), 'mouth_right': (394, 169)}}, {'box': [474, 138, 29, 30], 'confidence': 0.9337902069091797, 'keypoints': {'left_eye': (481, 147), 'right_eye': (494, 146), 'nose': (486, 152), 'mouth_left': (482, 160), 'mouth_right': (493, 159)}}, {'box': [305, 169, 23, 27], 'confidence': 0.8945310711860657, 'keypoints': {'left_eye': (313, 177), 'right_eye': (323, 178), 'nose': (318, 184), 'mouth_left': (311, 189), 'mouth_right': (319, 191)}}, {'box': [423, 108, 23, 27], 'confidence': 0.7984960079193115, 'keypoints': {'left_eye': (430, 116), 'right_eye': (440, 116), 'nose': (434, 123), 'mouth_left': (429, 128), 'mouth_right': (437, 129)}}, {'box': [489, 101, 21, 26], 'confidence': 0.7943445444107056, 'keypoints': {'left_eye': (495, 110), 'right_eye': (505, 109), 'nose': (500, 115), 'mouth_left': (495, 121), 'mouth_right': (504, 121)}}]"
93802.0,2250.0,9,"[{'box': [258, 153, 23, 28], 'confidence': 0.996667206287384, 'keypoints': {'left_eye': (266, 163), 'right_eye': (277, 163), 'nose': (272, 169), 'mouth_left': (266, 174), 'mouth_right': (275, 175)}}, {'box': [339, 134, 21, 26], 'confidence': 0.9957717061042786, 'keypoints': {'left_eye': (341, 141), 'right_eye': (349, 141), 'nose': (340, 147), 'mouth_left': (341, 153), 'mouth_right': (347, 154)}}, {'box': [429, 125, 27, 29], 'confidence': 0.9941746592521667, 'keypoints': {'left_eye': (434, 134), 'right_eye': (446, 133), 'nose': (439, 140), 'mouth_left': (435, 147), 'mouth_right': (445, 146)}}, {'box': [375, 94, 23, 28], 'confidence': 0.9868885278701782, 'keypoints': {'left_eye': (380, 104), 'right_eye': (391, 103), 'nose': (385, 109), 'mouth_left': (381, 115), 'mouth_right': (389, 115)}}, {'box': [213, 108, 24, 31], 'confidence': 0.9745773077011108, 'keypoints': {'left_eye': (221, 120), 'right_eye': (233, 120), 'nose': (228, 126), 'mouth_left': (222, 132), 'mouth_right': (231, 133)}}, {'box': [265, 77, 17, 25], 'confidence': 0.9528383612632751, 'keypoints': {'left_eye': (270, 86), 'right_eye': (280, 86), 'nose': (275, 92), 'mouth_left': (271, 97), 'mouth_right': (278, 97)}}, {'box': [533, 75, 24, 31], 'confidence': 0.9352934956550598, 'keypoints': {'left_eye': (538, 87), 'right_eye': (549, 84), 'nose': (543, 92), 'mouth_left': (542, 100), 'mouth_right': (551, 98)}}, {'box': [436, 88, 22, 27], 'confidence': 0.9247279763221741, 'keypoints': {'left_eye': (441, 97), 'right_eye': (451, 97), 'nose': (445, 102), 'mouth_left': (441, 107), 'mouth_right': (449, 108)}}, {'box': [553, 136, 26, 33], 'confidence': 0.7208086252212524, 'keypoints': {'left_eye': (556, 148), 'right_eye': (567, 145), 'nose': (559, 153), 'mouth_left': (559, 163), 'mouth_right': (568, 160)}}]"
94219.0,2260.0,1,"[{'box': [195, 79, 38, 48], 'confidence': 0.9797480702400208, 'keypoints': {'left_eye': (201, 97), 'right_eye': (219, 95), 'nose': (206, 107), 'mouth_left': (204, 118), 'mouth_right': (217, 118)}}]"
94636.0,2270.0,1,"[{'box': [202, 79, 39, 49], 'confidence': 0.9919784069061279, 'keypoints': {'left_eye': (218, 97), 'right_eye': (236, 96), 'nose': (231, 105), 'mouth_left': (220, 116), 'mouth_right': (236, 115)}}]"
95053.0,2280.0,2,"[{'box': [210, 82, 36, 46], 'confidence': 0.9824045300483704, 'keypoints': {'left_eye': (228, 99), 'right_eye': (243, 98), 'nose': (241, 108), 'mouth_left': (229, 117), 'mouth_right': (242, 116)}}, {'box': [276, 84, 114, 159], 'confidence': 0.8689035773277283, 'keypoints': {'left_eye': (315, 133), 'right_eye': (364, 145), 'nose': (327, 170), 'mouth_left': (302, 208), 'mouth_right': (337, 217)}}]"
95470.0,2290.0,0,"[]"
95887.0,2300.0,0,"[]"
96305.0,2310.0,0,"[]"
96722.0,2320.0,0,"[]"
97139.0,2330.0,0,"[]"
97556.0,2340.0,0,"[]"
97973.0,2350.0,0,"[]"
98390.0,2360.0,2,"[{'box': [408, 50, 72, 87], 'confidence': 0.9988001585006714, 'keypoints': {'left_eye': (417, 82), 'right_eye': (441, 76), 'nose': (421, 100), 'mouth_left': (428, 119), 'mouth_right': (446, 114)}}, {'box': [151, 86, 61, 88], 'confidence': 0.9967179894447327, 'keypoints': {'left_eye': (187, 119), 'right_eye': (207, 119), 'nose': (209, 136), 'mouth_left': (190, 154), 'mouth_right': (205, 155)}}]"
98807.0,2370.0,2,"[{'box': [392, 47, 73, 89], 'confidence': 0.999110996723175, 'keypoints': {'left_eye': (402, 80), 'right_eye': (425, 75), 'nose': (405, 100), 'mouth_left': (412, 119), 'mouth_right': (430, 115)}}, {'box': [139, 87, 61, 89], 'confidence': 0.9946240186691284, 'keypoints': {'left_eye': (174, 121), 'right_eye': (195, 119), 'nose': (196, 139), 'mouth_left': (176, 157), 'mouth_right': (192, 156)}}]"
99224.0,2380.0,1,"[{'box': [118, 25, 73, 100], 'confidence': 0.9890099167823792, 'keypoints': {'left_eye': (159, 64), 'right_eye': (186, 68), 'nose': (182, 87), 'mouth_left': (155, 102), 'mouth_right': (176, 106)}}]"
99641.0,2390.0,3,"[{'box': [35, 121, 49, 58], 'confidence': 0.9990719556808472, 'keypoints': {'left_eye': (47, 140), 'right_eye': (69, 142), 'nose': (55, 151), 'mouth_left': (47, 165), 'mouth_right': (65, 166)}}, {'box': [352, 62, 78, 93], 'confidence': 0.9921627640724182, 'keypoints': {'left_eye': (371, 94), 'right_eye': (409, 94), 'nose': (386, 116), 'mouth_left': (372, 134), 'mouth_right': (405, 133)}}, {'box': [223, 138, 44, 56], 'confidence': 0.9887446165084839, 'keypoints': {'left_eye': (237, 159), 'right_eye': (258, 160), 'nose': (247, 168), 'mouth_left': (238, 181), 'mouth_right': (255, 182)}}]"
100058.0,2400.0,1,"[{'box': [16, 118, 49, 58], 'confidence': 0.9994194507598877, 'keypoints': {'left_eye': (29, 136), 'right_eye': (53, 138), 'nose': (38, 146), 'mouth_left': (28, 161), 'mouth_right': (47, 163)}}]"
100475.0,2410.0,2,"[{'box': [3, 116, 49, 59], 'confidence': 0.9980463981628418, 'keypoints': {'left_eye': (16, 136), 'right_eye': (40, 137), 'nose': (26, 145), 'mouth_left': (16, 160), 'mouth_right': (35, 161)}}, {'box': [197, 138, 41, 50], 'confidence': 0.9807354807853699, 'keypoints': {'left_eye': (210, 155), 'right_eye': (231, 155), 'nose': (221, 162), 'mouth_left': (212, 176), 'mouth_right': (228, 176)}}]"
100892.0,2420.0,1,"[{'box': [0, 114, 46, 60], 'confidence': 0.9976199269294739, 'keypoints': {'left_eye': (11, 134), 'right_eye': (34, 135), 'nose': (20, 144), 'mouth_left': (11, 159), 'mouth_right': (29, 161)}}]"
101310.0,2430.0,2,"[{'box': [0, 115, 47, 60], 'confidence': 0.9980952143669128, 'keypoints': {'left_eye': (11, 134), 'right_eye': (35, 136), 'nose': (21, 144), 'mouth_left': (11, 159), 'mouth_right': (29, 161)}}, {'box': [188, 133, 45, 57], 'confidence': 0.9897225499153137, 'keypoints': {'left_eye': (202, 155), 'right_eye': (223, 155), 'nose': (212, 162), 'mouth_left': (203, 177), 'mouth_right': (219, 178)}}]"
101727.0,2440.0,2,"[{'box': [1, 117, 47, 57], 'confidence': 0.9997667670249939, 'keypoints': {'left_eye': (13, 135), 'right_eye': (36, 137), 'nose': (22, 145), 'mouth_left': (12, 159), 'mouth_right': (30, 161)}}, {'box': [189, 134, 44, 55], 'confidence': 0.9916732907295227, 'keypoints': {'left_eye': (202, 155), 'right_eye': (223, 156), 'nose': (212, 162), 'mouth_left': (204, 177), 'mouth_right': (220, 177)}}]"
102144.0,2450.0,3,"[{'box': [0, 116, 47, 58], 'confidence': 0.9995425939559937, 'keypoints': {'left_eye': (12, 135), 'right_eye': (35, 137), 'nose': (21, 145), 'mouth_left': (11, 159), 'mouth_right': (29, 161)}}, {'box': [301, 44, 71, 88], 'confidence': 0.9967999458312988, 'keypoints': {'left_eye': (312, 74), 'right_eye': (345, 73), 'nose': (322, 91), 'mouth_left': (315, 111), 'mouth_right': (342, 112)}}, {'box': [191, 136, 42, 54], 'confidence': 0.9939660429954529, 'keypoints': {'left_eye': (203, 156), 'right_eye': (224, 156), 'nose': (213, 163), 'mouth_left': (205, 177), 'mouth_right': (221, 177)}}]"
102561.0,2460.0,3,"[{'box': [191, 137, 45, 54], 'confidence': 0.9975316524505615, 'keypoints': {'left_eye': (203, 158), 'right_eye': (225, 157), 'nose': (213, 163), 'mouth_left': (205, 178), 'mouth_right': (222, 178)}}, {'box': [293, 27, 70, 94], 'confidence': 0.9947813153266907, 'keypoints': {'left_eye': (302, 57), 'right_eye': (330, 55), 'nose': (305, 75), 'mouth_left': (305, 100), 'mouth_right': (327, 98)}}, {'box': [0, 115, 46, 60], 'confidence': 0.9922244548797607, 'keypoints': {'left_eye': (10, 135), 'right_eye': (34, 138), 'nose': (18, 145), 'mouth_left': (9, 160), 'mouth_right': (28, 162)}}]"
102978.0,2470.0,3,"[{'box': [291, 30, 64, 83], 'confidence': 0.996020495891571, 'keypoints': {'left_eye': (297, 58), 'right_eye': (322, 55), 'nose': (299, 74), 'mouth_left': (301, 94), 'mouth_right': (321, 91)}}, {'box': [191, 137, 44, 54], 'confidence': 0.9950090646743774, 'keypoints': {'left_eye': (203, 158), 'right_eye': (224, 157), 'nose': (212, 164), 'mouth_left': (205, 179), 'mouth_right': (221, 179)}}, {'box': [0, 116, 47, 61], 'confidence': 0.9881369471549988, 'keypoints': {'left_eye': (11, 136), 'right_eye': (34, 138), 'nose': (19, 146), 'mouth_left': (10, 161), 'mouth_right': (28, 163)}}]"
103395.0,2480.0,1,"[{'box': [291, 70, 93, 124], 'confidence': 0.9981573224067688, 'keypoints': {'left_eye': (333, 117), 'right_eye': (373, 119), 'nose': (362, 144), 'mouth_left': (335, 166), 'mouth_right': (365, 168)}}]"
103812.0,2490.0,1,"[{'box': [283, 74, 93, 118], 'confidence': 0.999387264251709, 'keypoints': {'left_eye': (316, 117), 'right_eye': (360, 120), 'nose': (341, 143), 'mouth_left': (318, 166), 'mouth_right': (353, 168)}}]"
104229.0,2500.0,3,"[{'box': [504, 68, 27, 36], 'confidence': 0.9846804738044739, 'keypoints': {'left_eye': (507, 80), 'right_eye': (519, 80), 'nose': (508, 89), 'mouth_left': (507, 97), 'mouth_right': (516, 97)}}, {'box': [495, 89, 23, 30], 'confidence': 0.9431981444358826, 'keypoints': {'left_eye': (499, 100), 'right_eye': (511, 100), 'nose': (502, 106), 'mouth_left': (499, 113), 'mouth_right': (508, 113)}}, {'box': [246, 150, 18, 23], 'confidence': 0.8979024887084961, 'keypoints': {'left_eye': (255, 160), 'right_eye': (262, 159), 'nose': (260, 165), 'mouth_left': (254, 169), 'mouth_right': (260, 169)}}]"
104646.0,2510.0,2,"[{'box': [493, 94, 23, 29], 'confidence': 0.9529533386230469, 'keypoints': {'left_eye': (498, 104), 'right_eye': (509, 104), 'nose': (502, 110), 'mouth_left': (498, 116), 'mouth_right': (507, 116)}}, {'box': [244, 152, 20, 26], 'confidence': 0.7219319343566895, 'keypoints': {'left_eye': (253, 163), 'right_eye': (261, 161), 'nose': (260, 167), 'mouth_left': (254, 173), 'mouth_right': (260, 172)}}]"
105063.0,2520.0,3,"[{'box': [504, 76, 26, 34], 'confidence': 0.9861313104629517, 'keypoints': {'left_eye': (506, 88), 'right_eye': (518, 88), 'nose': (508, 95), 'mouth_left': (506, 103), 'mouth_right': (516, 103)}}, {'box': [246, 157, 18, 23], 'confidence': 0.9590834379196167, 'keypoints': {'left_eye': (254, 167), 'right_eye': (262, 166), 'nose': (260, 172), 'mouth_left': (254, 176), 'mouth_right': (260, 176)}}, {'box': [492, 96, 23, 30], 'confidence': 0.9062604904174805, 'keypoints': {'left_eye': (497, 107), 'right_eye': (509, 107), 'nose': (501, 113), 'mouth_left': (497, 119), 'mouth_right': (506, 120)}}]"
105480.0,2530.0,3,"[{'box': [127, 58, 38, 47], 'confidence': 0.9970191717147827, 'keypoints': {'left_eye': (142, 77), 'right_eye': (160, 77), 'nose': (154, 86), 'mouth_left': (143, 95), 'mouth_right': (159, 95)}}, {'box': [17, 72, 19, 26], 'confidence': 0.9781914353370667, 'keypoints': {'left_eye': (25, 82), 'right_eye': (35, 84), 'nose': (31, 88), 'mouth_left': (24, 92), 'mouth_right': (32, 94)}}, {'box': [199, 85, 58, 74], 'confidence': 0.9634038805961609, 'keypoints': {'left_eye': (211, 113), 'right_eye': (238, 110), 'nose': (223, 127), 'mouth_left': (217, 144), 'mouth_right': (238, 142)}}]"
105897.0,2540.0,4,"[{'box': [17, 73, 21, 26], 'confidence': 0.999211311340332, 'keypoints': {'left_eye': (26, 82), 'right_eye': (36, 84), 'nose': (31, 89), 'mouth_left': (24, 93), 'mouth_right': (33, 95)}}, {'box': [135, 57, 42, 53], 'confidence': 0.9977753758430481, 'keypoints': {'left_eye': (151, 79), 'right_eye': (170, 78), 'nose': (164, 89), 'mouth_left': (152, 99), 'mouth_right': (170, 98)}}, {'box': [223, 90, 66, 81], 'confidence': 0.9967195391654968, 'keypoints': {'left_eye': (239, 121), 'right_eye': (269, 116), 'nose': (252, 135), 'mouth_left': (246, 155), 'mouth_right': (270, 152)}}, {'box': [170, 64, 50, 65], 'confidence': 0.911300539970398, 'keypoints': {'left_eye': (180, 91), 'right_eye': (203, 89), 'nose': (189, 105), 'mouth_left': (184, 119), 'mouth_right': (202, 117)}}]"
106315.0,2550.0,5,"[{'box': [151, 59, 43, 54], 'confidence': 0.9993137121200562, 'keypoints': {'left_eye': (165, 79), 'right_eye': (186, 79), 'nose': (178, 90), 'mouth_left': (166, 100), 'mouth_right': (186, 100)}}, {'box': [264, 89, 71, 91], 'confidence': 0.992198646068573, 'keypoints': {'left_eye': (280, 125), 'right_eye': (314, 119), 'nose': (296, 143), 'mouth_left': (291, 163), 'mouth_right': (316, 159)}}, {'box': [190, 66, 54, 69], 'confidence': 0.9898002743721008, 'keypoints': {'left_eye': (201, 94), 'right_eye': (225, 91), 'nose': (210, 109), 'mouth_left': (205, 123), 'mouth_right': (225, 121)}}, {'box': [19, 71, 22, 28], 'confidence': 0.9881256818771362, 'keypoints': {'left_eye': (28, 82), 'right_eye': (39, 83), 'nose': (35, 88), 'mouth_left': (28, 93), 'mouth_right': (36, 94)}}, {'box': [109, 146, 23, 29], 'confidence': 0.7614292502403259, 'keypoints': {'left_eye': (118, 155), 'right_eye': (128, 155), 'nose': (122, 160), 'mouth_left': (117, 168), 'mouth_right': (125, 169)}}]"
106732.0,2560.0,0,"[]"
107149.0,2570.0,0,"[]"
107566.0,2580.0,0,"[]"
107983.0,2590.0,0,"[]"
108400.0,2600.0,0,"[]"
108817.0,2610.0,0,"[]"
109234.0,2620.0,0,"[]"
109651.0,2630.0,0,"[]"
110068.0,2640.0,0,"[]"
110485.0,2650.0,0,"[]"
110902.0,2660.0,0,"[]"
111320.0,2670.0,0,"[]"
111737.0,2680.0,0,"[]"
112154.0,2690.0,0,"[]"
112571.0,2700.0,0,"[]"
112988.0,2710.0,0,"[]"
113405.0,2720.0,0,"[]"
113822.0,2730.0,0,"[]"
114239.0,2740.0,0,"[]"
114656.0,2750.0,0,"[]"
115073.0,2760.0,0,"[]"
115490.0,2770.0,0,"[]"
115907.0,2780.0,0,"[]"
116325.0,2790.0,0,"[]"
116742.0,2800.0,0,"[]"
117159.0,2810.0,0,"[]"
